{
  "id": "undead_legion",
  "name": "Легион Нежити",
  "description": "Темная фракция с уникальными способностями воскрешения",
  "color": "#660066",
  "allowed_races": ["undead", "vampire"],
  "bonuses": {
    "no_food_cost": true,
    "resurrection": true,
    "night_bonus": 1.3
  },
  "penalties": {
    "holy_weakness": true,
    "day_penalty": 0.8
  },
  "unique_buildings": ["necropolis", "bone_yard", "shadow_tower"],
  "unique_units": ["skeleton", "zombie", "lich"],
  "starting_resources": {
    "gold": 600,
    "wood": 300,
    "stone": 400,
    "corpses": 10,
    "dark_energy": 50
  }
}
