{
  "id": "barracks",
  "name": "Казармы",
  "description": "Военное здание для обучения бойцов ближнего боя",
  "type": "military",
  "category": "production",
  "size": {
    "width": 100,
    "height": 80,
    "tiles_width": 2,
    "tiles_height": 2
  },
  "cost": {
    "gold": 200,
    "wood": 150,
    "stone": 50,
    "time": 45
  },
  "stats": {
    "health": 800,
    "max_health": 800,
    "armor": 5,
    "sight_range": 150
  },
  "requirements": {
    "buildings": ["town_hall"],
    "technologies": [],
    "resources": {}
  },
  "production": {
    "units": [
      {
        "id": "warrior",
        "name": "Воин",
        "cost": {
          "gold": 100,
          "food": 2
        },
        "time": 20,
        "population": 1,
        "requirements": {}
      },
      {
        "id": "spearman",
        "name": "Копейщик",
        "cost": {
          "gold": 80,
          "wood": 20,
          "food": 2
        },
        "time": 18,
        "population": 1,
        "requirements": {
          "technologies": ["spear_training"]
        }
      },
      {
        "id": "knight",
        "name": "Рыцарь",
        "cost": {
          "gold": 250,
          "iron": 50,
          "food": 3
        },
        "time": 35,
        "population": 2,
        "requirements": {
          "technologies": ["chivalry"],
          "buildings": ["stable"]
        }
      }
    ],
    "technologies": [
      {
        "id": "weapon_training",
        "name": "Оружейная подготовка",
        "description": "+2 атака всем воинам",
        "cost": {
          "gold": 150,
          "iron": 25
        },
        "time": 75,
        "effects": {
          "melee_attack_bonus": 2
        }
      },
      {
        "id": "armor_training",
        "name": "Доспешная подготовка",
        "description": "+1 защита всем воинам",
        "cost": {
          "gold": 100,
          "iron": 40
        },
        "time": 60,
        "effects": {
          "armor_bonus": 1
        }
      }
    ]
  },
  "garrison": {
    "capacity": 5,
    "units_inside": [],
    "protection_bonus": 0.5,
    "can_attack_from_inside": false
  },
  "abilities": [
    {
      "id": "rally_point",
      "name": "Точка сбора",
      "description": "Место сбора для новых воинов",
      "type": "passive"
    }
  ],
  "sounds": {
    "build_complete": "barracks_complete.wav",
    "select": "barracks_select.wav",
    "training": "weapon_clang.wav",
    "production_complete": "warrior_ready.wav"
  },
  "graphics": {
    "sprite": "buildings/barracks.png",
    "construction_sprite": "buildings/barracks_construction.png",
    "destroyed_sprite": "buildings/barracks_ruins.png"
  }
}