{
  "id": "elf",
  "name": "Эльф",
  "description": "Меткие стрелки с острым зрением и магическими способностями",
  "bonuses": {
    "ranged_attack": 4,
    "vision": 60,
    "mana": 30,
    "magic_resistance": 20
  },
  "penalties": {
    "health": -20
  },
  "can_breed_with": ["elf", "human"],
  "base_stats": {
    "health": 60,
    "stamina": 80,
    "mana": 50,
    "speed": 2.3,
    "vision": 180
  },
  "equipment_slots": {
    "head": true,
    "torso": true,
    "lefthand": true,
    "righthand": true,
    "legs": true,
    "feet": true,
    "back": true,
    "tail": false,
    "accessory": true
  }
}